hys,direction,style,x,y
beta-hys,->,scatter,0.75,0.9999999271
beta-hys,->,scatter,0.95,0.9999976881
beta-hys,->,scatter,0.45,0.9996240848000001
beta-hys,->,scatter,0.5,0.9964736059999999
beta-hys,->,scatter,1.0,1.0
beta-hys,->,scatter,0.35,0.9999997799
beta-hys,->,scatter,0.85,1.0
beta-hys,->,scatter,0.6,1.0
beta-hys,->,scatter,0.45,0.9999999737
beta-hys,->,scatter,0.6,0.999999986
beta-hys,->,scatter,0.15,0.0095617089
beta-hys,->,scatter,0.55,0.9999999927
beta-hys,->,scatter,0.7,1.0
beta-hys,->,scatter,0.5,0.9999765643
beta-hys,->,scatter,0.75,1.0
beta-hys,->,scatter,1.0,0.9999904649
beta-hys,->,scatter,0.5,0.9999970136
beta-hys,->,scatter,0.0,4.808e-07
beta-hys,->,scatter,0.7,1.0
beta-hys,->,scatter,0.4,1.0
beta-hys,->,scatter,0.2,0.0485633843
beta-hys,->,scatter,0.7,0.9958484494
beta-hys,->,scatter,0.7,0.9999997046
beta-hys,->,scatter,0.9,1.0
beta-hys,->,scatter,0.8,1.0
beta-hys,->,scatter,0.15,0.0284882931
beta-hys,->,scatter,0.45,0.9999973062
beta-hys,->,scatter,0.9,0.9999209347
beta-hys,->,scatter,0.5,0.9999999995000001
beta-hys,->,scatter,0.3,0.9999999997
beta-hys,->,scatter,0.1,0.0139007248
beta-hys,->,scatter,0.25,0.0702506157
beta-hys,->,scatter,0.1,0.0044340117
beta-hys,->,scatter,0.45,0.9999997943000001
beta-hys,->,scatter,0.35,0.9999999994
beta-hys,->,scatter,0.05,0.004526281599999999
beta-hys,->,scatter,0.3,0.1321085965
beta-hys,->,scatter,0.0,2e-10
beta-hys,->,scatter,0.85,0.9983435626
beta-hys,->,scatter,0.0,0.0030368625
beta-hys,->,scatter,0.25,0.07107103570000001
beta-hys,->,scatter,0.3,0.9999986925
beta-hys,->,scatter,0.5,1.0
beta-hys,->,scatter,0.95,0.9995266629
beta-hys,->,scatter,1.0,0.9999999789
beta-hys,->,scatter,0.0,0.0004167646
beta-hys,->,scatter,0.6,0.9999992695000001
beta-hys,->,scatter,0.0,0.0003451922
beta-hys,->,scatter,0.5,0.9949074558
beta-hys,->,scatter,0.95,0.9999994640000001
beta-hys,->,scatter,0.5,0.9958566171
beta-hys,->,scatter,0.3,0.9999999998000001
beta-hys,->,scatter,0.8,0.9999424378
beta-hys,->,scatter,0.1,0.0117909792
beta-hys,->,scatter,0.6,0.9999937998999999
beta-hys,->,scatter,0.2,0.0409626854
beta-hys,->,scatter,0.55,1.0
beta-hys,->,scatter,0.35,0.9999999944
beta-hys,->,scatter,0.9,0.9999996476
beta-hys,->,scatter,0.3,0.1758282948
beta-hys,->,scatter,0.55,0.999994114
beta-hys,->,scatter,0.25,0.079910349
beta-hys,->,scatter,0.95,0.9998357915999999
beta-hys,->,scatter,0.35,0.9997982717
beta-hys,->,scatter,0.7,0.9999999722
beta-hys,->,scatter,0.9,1.0
beta-hys,->,scatter,0.2,0.0336976184
beta-hys,->,scatter,0.15,0.0242221883
beta-hys,->,scatter,0.9,0.9994652267
beta-hys,->,scatter,1.0,0.9999991331
beta-hys,->,scatter,0.95,0.9999999809000001
beta-hys,->,scatter,0.55,0.9994986178
beta-hys,->,scatter,0.65,0.9999999951
beta-hys,->,scatter,0.6,0.999993902
beta-hys,->,scatter,1.0,0.9996439579999999
beta-hys,->,scatter,0.15,0.011965403000000001
beta-hys,->,scatter,0.75,1.0
beta-hys,->,scatter,0.95,0.999999245
beta-hys,->,scatter,0.95,0.9997484265000001
beta-hys,->,scatter,0.3,0.1883418706
beta-hys,->,scatter,0.75,0.9999960326999999
beta-hys,->,scatter,0.0,3.1022e-06
beta-hys,->,scatter,0.75,1.0
beta-hys,->,scatter,0.45,1.0
beta-hys,->,scatter,0.9,0.9992966335
beta-hys,->,scatter,0.45,0.9994452604
beta-hys,->,scatter,0.7,1.0
beta-hys,->,scatter,0.6,0.9999999962
beta-hys,->,scatter,0.4,0.9999680779000001
beta-hys,->,scatter,0.2,0.0341144308
beta-hys,->,scatter,0.6,0.999999957
beta-hys,->,scatter,0.0,5.3e-09
beta-hys,->,scatter,0.2,0.0387352577
beta-hys,->,scatter,0.0,1.8919e-06
beta-hys,->,scatter,0.3,1.0
beta-hys,->,scatter,0.75,1.0
beta-hys,->,scatter,0.2,0.041585490600000004
beta-hys,->,scatter,0.85,1.0
beta-hys,->,scatter,0.05,0.0043088913
beta-hys,->,scatter,0.2,0.0690920659
beta-hys,->,scatter,0.05,0.0024288916
beta-hys,->,scatter,0.0,3.468e-06
beta-hys,->,scatter,0.05,0.000212837
beta-hys,->,scatter,0.25,0.083227379
beta-hys,->,scatter,0.65,0.9999999999
beta-hys,->,scatter,0.25,0.062029481500000004
beta-hys,->,scatter,0.7,0.9985884852
beta-hys,->,scatter,0.0,0.0016887176000000002
beta-hys,->,scatter,0.6,1.0
beta-hys,->,scatter,0.9,1.0
beta-hys,->,scatter,0.2,0.0207826393
beta-hys,->,scatter,0.3,0.173211036
beta-hys,->,scatter,0.35,1.0
beta-hys,->,scatter,0.5,0.9987596956
beta-hys,->,scatter,0.85,0.9999767079999999
beta-hys,->,scatter,0.1,0.0093078687
beta-hys,->,scatter,0.3,0.11211453240000001
beta-hys,->,scatter,0.7,0.9999999994
beta-hys,->,scatter,0.75,0.9998714522
beta-hys,->,scatter,0.1,0.0033452141999999996
beta-hys,->,scatter,0.4,0.9999983354
beta-hys,->,scatter,0.75,0.9998108637
beta-hys,->,scatter,0.65,0.9998638684000001
beta-hys,->,scatter,0.25,0.071967205
beta-hys,->,scatter,0.55,0.9986112947
beta-hys,->,scatter,0.5,0.9999980951999999
beta-hys,->,scatter,0.2,0.0419452254
beta-hys,->,scatter,0.5,0.998636234
beta-hys,->,scatter,0.45,0.9999999979
beta-hys,->,scatter,0.05,0.003458384
beta-hys,->,scatter,0.0,0.000377237
beta-hys,->,scatter,0.2,0.0324375876
beta-hys,->,scatter,0.6,1.0
beta-hys,->,scatter,0.65,0.9982835188
beta-hys,->,scatter,0.9,0.9999999999
beta-hys,->,scatter,0.7,0.9999896881999999
beta-hys,->,scatter,0.7,0.9999999798
beta-hys,->,scatter,0.75,0.9999996704999999
beta-hys,->,scatter,0.15,0.0254081645
beta-hys,->,scatter,0.45,0.9999999233
beta-hys,->,scatter,0.1,0.0055846006000000005
beta-hys,->,scatter,0.8,0.9993979843
beta-hys,->,scatter,0.45,0.9996384798000001
beta-hys,->,scatter,0.05,0.0414283523
beta-hys,->,scatter,0.75,0.9999522709
beta-hys,->,scatter,0.65,1.0
beta-hys,->,scatter,0.5,1.0
beta-hys,->,scatter,0.8,1.0
beta-hys,->,scatter,0.05,0.0028523387
beta-hys,->,scatter,0.1,0.0083442024
beta-hys,->,scatter,0.8,0.9999987781999999
beta-hys,->,scatter,0.05,0.0030035964
beta-hys,->,scatter,0.35,0.9969820844
beta-hys,->,scatter,1.0,0.9997974356
beta-hys,->,scatter,0.55,0.9999771281000001
beta-hys,->,scatter,0.1,0.0061387236
beta-hys,->,scatter,0.3,0.1236267445
beta-hys,->,scatter,0.65,0.9999986352
beta-hys,->,scatter,0.55,0.9999936308
beta-hys,->,scatter,0.7,1.0
beta-hys,->,scatter,0.45,0.9999921419
beta-hys,->,scatter,0.65,0.9999999895
beta-hys,->,scatter,0.7,1.0
beta-hys,->,scatter,0.55,1.0
beta-hys,->,scatter,0.35,0.9999999811
beta-hys,->,scatter,0.8,0.999998677
beta-hys,->,scatter,0.75,0.9999999997
beta-hys,->,scatter,0.75,0.9999999999
beta-hys,->,scatter,0.5,0.9993988139
beta-hys,->,scatter,0.65,0.9932465252
beta-hys,->,scatter,0.4,0.9999999998000001
beta-hys,->,scatter,0.2,0.0447246862
beta-hys,->,scatter,0.15,0.0112832829
beta-hys,->,scatter,0.05,0.005535476
beta-hys,->,scatter,0.9,0.9999840129
beta-hys,->,scatter,0.9,0.9999999992
beta-hys,->,scatter,1.0,0.9980110136
beta-hys,->,scatter,0.95,0.9998832871
beta-hys,->,scatter,0.45,0.9999999945999999
beta-hys,->,scatter,0.65,0.9999992743
beta-hys,->,scatter,0.15,0.0158731747
beta-hys,->,scatter,0.3,0.17164659670000001
beta-hys,->,scatter,0.65,0.9999999727
beta-hys,->,scatter,0.05,0.0029851867999999998
beta-hys,->,scatter,0.4,0.9999999994
beta-hys,->,scatter,0.85,0.9999146612
beta-hys,->,scatter,0.35,0.9999999987
beta-hys,->,scatter,0.15,0.028927572000000002
beta-hys,->,scatter,1.0,0.9999811420999999
beta-hys,->,scatter,0.85,1.0
beta-hys,->,scatter,0.35,1.0
beta-hys,->,scatter,0.1,0.0103167136
beta-hys,->,scatter,0.2,0.0362981921
beta-hys,->,scatter,0.65,1.0
beta-hys,->,scatter,0.15,0.016288225400000002
beta-hys,->,scatter,0.0,0.0
beta-hys,->,scatter,0.25,0.1042481068
beta-hys,->,scatter,0.95,1.0
beta-hys,->,scatter,0.3,0.2061461689
beta-hys,->,scatter,0.15,0.023263045899999998
beta-hys,->,scatter,0.15,0.0222070439
beta-hys,->,scatter,0.5,1.0
beta-hys,->,scatter,0.0,1.11171e-05
beta-hys,->,scatter,0.65,0.9999756009999999
beta-hys,->,scatter,0.95,0.9999999997
beta-hys,->,scatter,0.15,0.056180378600000004
beta-hys,->,scatter,0.5,0.9999983971999999
beta-hys,->,scatter,1.0,0.9999999951
beta-hys,->,scatter,0.6,0.9999999967000001
beta-hys,->,scatter,0.2,0.0430562838
beta-hys,->,scatter,0.5,0.9999998997
beta-hys,->,scatter,0.25,0.0754834945
beta-hys,->,scatter,0.45,0.9998805186
beta-hys,->,scatter,1.0,0.9956922779
beta-hys,->,scatter,0.25,0.0446897171
beta-hys,->,scatter,0.05,0.0016724151
beta-hys,->,scatter,0.4,1.0
beta-hys,->,scatter,0.4,0.9999999986
beta-hys,->,scatter,1.0,0.9999909987000001
beta-hys,->,scatter,0.7,0.9999999798
beta-hys,->,scatter,0.45,0.9999988176000001
beta-hys,->,scatter,0.65,0.9999840406999999
beta-hys,->,scatter,0.85,0.9999593258
beta-hys,->,scatter,0.05,0.0041989871
beta-hys,->,scatter,0.4,0.9999999158
beta-hys,->,scatter,0.1,0.0052827936
beta-hys,->,scatter,0.6,0.996654935
beta-hys,->,scatter,0.25,0.0663990089
beta-hys,->,scatter,0.7,0.9999366302
beta-hys,->,scatter,0.3,0.1500536691
beta-hys,->,scatter,0.75,0.9999999999
beta-hys,->,scatter,0.45,1.0
beta-hys,->,scatter,0.15,0.0082923997
beta-hys,->,scatter,0.1,0.0078760276
beta-hys,->,scatter,0.1,0.0104844326
beta-hys,->,scatter,0.45,0.9999999999
beta-hys,->,scatter,0.7,0.9999999058
beta-hys,->,scatter,0.75,0.9999999999
beta-hys,->,scatter,0.0,0.0
beta-hys,->,scatter,0.95,0.9999999437999999
beta-hys,->,scatter,0.7,0.9999570486
beta-hys,->,scatter,0.15,0.0158493354
beta-hys,->,scatter,0.4,0.9996061132999999
beta-hys,->,scatter,0.65,1.0
beta-hys,->,scatter,0.25,0.0820656764
beta-hys,->,scatter,0.05,0.009316250699999999
beta-hys,->,scatter,0.45,0.9999998495
beta-hys,->,scatter,0.0,0.0
beta-hys,->,scatter,0.95,1.0
beta-hys,->,scatter,0.15,0.022064224700000003
beta-hys,->,scatter,0.9,0.9999956179999999
beta-hys,->,scatter,0.5,0.9999999565000001
beta-hys,->,scatter,0.1,0.012471676999999999
beta-hys,->,scatter,0.15,0.0212024198
beta-hys,->,scatter,0.6,1.0
beta-hys,->,scatter,0.65,1.0
beta-hys,->,scatter,0.15,0.0154915655
beta-hys,->,scatter,0.4,0.9984584167
beta-hys,->,scatter,0.35,0.9999416651
beta-hys,->,scatter,0.05,0.0006575687
beta-hys,->,scatter,0.9,1.0
beta-hys,->,scatter,0.2,0.0571009917
beta-hys,->,scatter,0.15,0.0317974515
beta-hys,->,scatter,0.1,0.0043784362
beta-hys,->,scatter,0.1,0.020770866000000002
beta-hys,->,scatter,0.25,0.062827914
beta-hys,->,scatter,0.8,1.0
beta-hys,->,scatter,0.05,0.005080286099999999
beta-hys,->,scatter,0.4,0.9999999051999999
beta-hys,->,scatter,0.0,1.3810999999999999e-05
beta-hys,->,scatter,0.65,0.9999903251000001
beta-hys,->,scatter,0.85,0.9999980562999999
beta-hys,->,scatter,0.45,0.9976105039000001
beta-hys,->,scatter,0.85,1.0
beta-hys,->,scatter,0.7,0.9999999987999999
beta-hys,->,scatter,0.25,0.0650983708
beta-hys,->,scatter,0.55,0.9999999995000001
beta-hys,->,scatter,0.4,1.0
beta-hys,->,scatter,0.65,0.9999326606000001
beta-hys,->,scatter,0.95,0.9999999933
beta-hys,->,scatter,1.0,0.9994881172
beta-hys,->,scatter,0.2,0.0294939517
beta-hys,->,scatter,0.95,0.9999997853
beta-hys,->,scatter,0.3,0.151358427
beta-hys,->,scatter,0.5,0.9999996767
beta-hys,->,scatter,0.4,0.9999749756
beta-hys,->,scatter,0.2,0.0275130211
beta-hys,->,scatter,0.25,0.0543022691
beta-hys,->,scatter,0.0,7.82e-08
beta-hys,->,scatter,0.45,0.9999999962999999
beta-hys,->,scatter,0.95,0.9983541616
beta-hys,->,scatter,0.8,0.999998432
beta-hys,->,scatter,0.4,0.9997132031
beta-hys,->,scatter,0.55,0.9998491984000001
beta-hys,->,scatter,0.9,0.9999677831
beta-hys,->,scatter,0.05,0.0018219478
beta-hys,->,scatter,1.0,0.9992844004000001
beta-hys,->,scatter,0.5,0.9999999995000001
beta-hys,->,scatter,0.45,0.9999999993
beta-hys,->,scatter,0.8,0.9997470070000001
beta-hys,->,scatter,0.05,0.0015149138
beta-hys,->,scatter,0.75,0.9999999992
beta-hys,->,scatter,0.65,0.9998902852
beta-hys,->,scatter,0.85,1.0
beta-hys,->,scatter,0.4,0.9999989855
beta-hys,->,scatter,0.6,1.0
beta-hys,->,scatter,0.2,0.0417855557
beta-hys,->,scatter,0.25,0.0668983168
beta-hys,->,scatter,0.3,0.999999985
beta-hys,->,scatter,0.15,0.0255158506
beta-hys,->,scatter,0.8,0.9999965769
beta-hys,->,scatter,0.05,0.006236343199999999
beta-hys,->,scatter,0.15,0.022075227700000002
beta-hys,->,scatter,0.0,3.50273e-05
beta-hys,->,scatter,0.55,1.0
beta-hys,->,scatter,0.75,0.9999967113
beta-hys,->,scatter,0.45,0.9999989717000001
beta-hys,->,scatter,0.65,0.9988809931
beta-hys,->,scatter,0.55,0.9999999992
beta-hys,->,scatter,0.1,0.0073159895
beta-hys,->,scatter,0.85,0.9999976313
beta-hys,->,scatter,0.25,0.0495283537
beta-hys,->,scatter,0.95,0.9999554558
beta-hys,->,scatter,0.65,0.9999688331000001
beta-hys,->,scatter,0.7,0.9995200008
beta-hys,->,scatter,0.25,0.0997983967
beta-hys,->,scatter,0.9,1.0
beta-hys,->,scatter,0.5,0.999800612
beta-hys,->,scatter,0.85,0.9999731984
beta-hys,->,scatter,0.05,0.0061673662
beta-hys,->,scatter,0.4,0.9996161561
beta-hys,->,scatter,1.0,0.9992814620999999
beta-hys,->,scatter,0.7,0.9999999985
beta-hys,->,scatter,0.95,0.9999999975
beta-hys,->,scatter,0.65,0.9999999755
beta-hys,->,scatter,0.1,0.013637551999999999
beta-hys,->,scatter,0.3,0.1778746997
beta-hys,->,scatter,0.25,0.0624956321
beta-hys,->,scatter,0.75,0.9991562354000001
beta-hys,->,scatter,0.8,0.9994651175
beta-hys,->,scatter,0.9,0.9999992442
beta-hys,->,scatter,0.0,0.0021362425
beta-hys,->,scatter,0.25,0.0767508522
beta-hys,->,scatter,0.2,0.0426592097
beta-hys,->,scatter,0.35,1.0
beta-hys,->,scatter,0.5,1.0
beta-hys,->,scatter,0.3,0.14540549390000002
beta-hys,->,scatter,0.65,0.9999591747
beta-hys,->,scatter,0.75,0.9999999582
beta-hys,->,scatter,0.1,0.0069093133999999995
beta-hys,->,scatter,0.45,1.0
beta-hys,->,scatter,0.35,0.9999681884999999
beta-hys,->,scatter,0.05,0.003695678
beta-hys,->,scatter,0.85,0.9999978666
beta-hys,->,scatter,0.4,0.9999993237
beta-hys,->,scatter,0.65,1.0
beta-hys,->,scatter,0.4,0.9999999998000001
beta-hys,->,scatter,0.7,1.0
beta-hys,->,scatter,0.65,0.9999771973999999
beta-hys,->,scatter,0.6,1.0
beta-hys,->,scatter,0.8,0.999972805
beta-hys,->,scatter,1.0,0.9999915765
beta-hys,->,scatter,1.0,0.99844655
beta-hys,->,scatter,0.0,1e-10
beta-hys,->,scatter,0.85,0.9999975858
beta-hys,->,scatter,0.6,1.0
beta-hys,->,scatter,0.1,0.0120492055
beta-hys,->,scatter,0.8,0.9999998834
beta-hys,->,scatter,0.55,0.9999999184999999
beta-hys,->,scatter,0.5,0.9999999999
beta-hys,->,scatter,0.15,0.028786125299999996
beta-hys,->,scatter,0.65,0.9999987823
beta-hys,->,scatter,0.35,0.9999988906
beta-hys,->,scatter,0.0,1.78435e-05
beta-hys,->,scatter,1.0,0.9999856698
beta-hys,->,scatter,0.8,0.9999353778
beta-hys,->,scatter,1.0,0.9995640882
beta-hys,->,scatter,0.05,0.0007540341
beta-hys,->,scatter,0.7,0.9999999843
beta-hys,->,scatter,0.6,1.0
beta-hys,->,scatter,0.35,1.0
beta-hys,->,scatter,0.6,0.9999998631
beta-hys,->,scatter,1.0,0.9999981273
beta-hys,->,scatter,0.35,0.9999596993000001
beta-hys,->,scatter,0.3,0.9999986181
beta-hys,->,scatter,0.55,0.9976998504000001
beta-hys,->,scatter,0.6,0.9970604532999999
beta-hys,->,scatter,0.85,0.9999999654999999
beta-hys,->,scatter,0.35,0.9999999929000001
beta-hys,->,scatter,0.4,0.9999686461
beta-hys,->,scatter,0.9,0.9999999997
beta-hys,->,scatter,0.5,0.9999999959999999
beta-hys,->,scatter,0.35,0.9999999994
beta-hys,->,scatter,0.55,0.9999937589
beta-hys,->,scatter,0.4,0.9999439562000001
beta-hys,->,scatter,0.4,0.9999999595
beta-hys,->,scatter,0.45,1.0
beta-hys,->,scatter,0.75,1.0
beta-hys,->,scatter,0.5,0.99999982
beta-hys,->,scatter,0.05,0.0044959025
beta-hys,->,scatter,0.55,0.9999998604000001
beta-hys,->,scatter,0.75,0.9979252673000001
beta-hys,->,scatter,0.85,0.9990850011
beta-hys,->,scatter,0.85,0.9998962816
beta-hys,->,scatter,0.0,9.64e-08
beta-hys,->,scatter,0.0,2.7006e-06
beta-hys,->,scatter,0.75,0.9999999531999999
beta-hys,->,scatter,0.65,1.0
beta-hys,->,scatter,0.7,0.9999999994
beta-hys,->,scatter,0.8,1.0
beta-hys,->,scatter,0.8,0.9982849308
beta-hys,->,scatter,0.6,0.9999543549
beta-hys,->,scatter,0.4,0.9999999813
beta-hys,->,scatter,0.8,0.9999999984000001
beta-hys,->,scatter,0.35,1.0
beta-hys,->,scatter,0.55,0.9999996825
beta-hys,->,scatter,1.0,0.9981643937000001
beta-hys,->,scatter,1.0,0.9986425953
beta-hys,->,scatter,0.0,8.299e-07
beta-hys,->,scatter,0.55,0.9999998351
beta-hys,->,scatter,0.1,0.0093546951
beta-hys,->,scatter,1.0,0.9999850621999999
beta-hys,->,scatter,0.2,0.042720805099999995
beta-hys,->,scatter,0.95,1.0
beta-hys,->,scatter,0.25,0.0724059343
beta-hys,->,scatter,0.45,0.9986934220999999
beta-hys,->,scatter,0.15,0.0637792608
beta-hys,->,scatter,0.5,0.9999996419
beta-hys,->,scatter,0.3,0.2210251156
beta-hys,->,scatter,0.6,0.9999999976999999
beta-hys,->,scatter,0.3,0.4048198851
beta-hys,->,scatter,0.25,0.0649018928
beta-hys,->,scatter,0.5,1.0
beta-hys,->,scatter,0.65,0.999999992
beta-hys,->,scatter,0.35,0.9999778426
beta-hys,->,scatter,0.3,0.1623283455
beta-hys,->,scatter,0.05,0.0014694621
beta-hys,->,scatter,0.35,0.9999999959999999
beta-hys,->,scatter,0.0,4.1999999999999996e-09
beta-hys,->,scatter,0.55,0.999999998
beta-hys,->,scatter,0.8,0.9999962287999999
beta-hys,->,scatter,0.95,0.9998993032
beta-hys,->,scatter,1.0,0.9999374631
beta-hys,->,scatter,0.5,1.0
beta-hys,->,scatter,0.1,0.009912319000000001
beta-hys,->,scatter,0.2,0.0508660317
beta-hys,->,scatter,0.7,0.9999999999
beta-hys,->,scatter,0.55,0.9999999959
beta-hys,->,scatter,0.8,0.9998675319
beta-hys,->,scatter,0.75,1.0
beta-hys,->,scatter,0.45,0.9999999751
beta-hys,->,scatter,0.1,0.0098760307
beta-hys,->,scatter,0.7,1.0
beta-hys,->,scatter,0.1,0.0079351333
beta-hys,->,scatter,0.4,0.9996696894
beta-hys,->,scatter,0.45,0.9999995681999999
beta-hys,->,scatter,0.3,0.14368046339999999
beta-hys,->,scatter,0.55,0.9976220161
beta-hys,->,scatter,0.2,0.0325262664
beta-hys,->,scatter,0.6,0.9999315877
beta-hys,->,scatter,0.2,0.0471613144
beta-hys,->,scatter,0.4,0.9999878728
beta-hys,->,scatter,0.35,0.9999156829000001
beta-hys,->,scatter,0.3,0.21213523539999998
beta-hys,->,scatter,1.0,0.9999961081000001
beta-hys,->,scatter,0.8,0.9999999243000001
beta-hys,->,scatter,0.7,0.9999999997
beta-hys,->,scatter,0.0,0.0
beta-hys,->,scatter,0.8,1.0
beta-hys,->,scatter,0.95,0.999999995
beta-hys,->,scatter,0.95,0.9982383344
beta-hys,->,scatter,0.85,1.0
beta-hys,->,scatter,0.8,0.9980484666
beta-hys,->,scatter,0.35,1.0
beta-hys,->,scatter,0.7,0.9999999918000001
beta-hys,->,scatter,0.55,0.9996876623000001
beta-hys,->,scatter,0.1,0.0077176362
beta-hys,->,scatter,0.7,0.9914491584
beta-hys,->,scatter,0.55,0.9999998388
beta-hys,->,scatter,0.7,0.9999999998000001
beta-hys,->,scatter,0.55,0.9999998251000001
beta-hys,->,scatter,0.35,0.9999999999
beta-hys,->,scatter,0.9,1.0
beta-hys,->,scatter,0.2,0.0720075709
beta-hys,->,scatter,0.8,0.9999999906999999
beta-hys,->,scatter,0.85,0.9987578229
beta-hys,->,scatter,0.65,1.0
beta-hys,->,scatter,1.0,0.9987804162
beta-hys,->,scatter,0.95,0.9999999753000001
beta-hys,->,scatter,0.6,0.999999999
beta-hys,->,scatter,0.85,0.9999998306
beta-hys,->,scatter,0.45,1.0
beta-hys,->,scatter,0.75,0.9997555037
beta-hys,->,scatter,0.15,0.0175111493
beta-hys,->,scatter,0.35,0.9989486294
beta-hys,->,scatter,0.25,0.0546878971
beta-hys,->,scatter,0.85,0.9999999959
beta-hys,->,scatter,0.65,1.0
beta-hys,->,scatter,0.15,0.0176171139
beta-hys,->,scatter,0.35,0.9999999776
beta-hys,->,scatter,0.8,0.9964965064
beta-hys,->,scatter,0.8,0.9999979696
beta-hys,->,scatter,0.2,0.038683345099999995
beta-hys,->,scatter,0.9,1.0
beta-hys,->,scatter,0.75,0.9999652126
beta-hys,->,scatter,0.05,0.0040383998
beta-hys,->,scatter,0.1,0.0085417853
beta-hys,->,scatter,0.25,0.062429833399999995
beta-hys,->,scatter,0.45,0.9998263104
beta-hys,->,scatter,0.9,0.9985046187000001
beta-hys,->,scatter,0.35,0.9999999804
beta-hys,->,scatter,0.25,0.06211904309999999
beta-hys,->,scatter,0.0,0.0008226586
beta-hys,->,scatter,0.15,0.0227805852
beta-hys,->,scatter,0.2,0.057437704400000004
beta-hys,->,scatter,0.1,0.0073196253
beta-hys,->,scatter,0.9,0.9999950565000001
beta-hys,->,scatter,0.8,0.9999999998000001
beta-hys,->,scatter,0.6,0.9999999995000001
beta-hys,->,scatter,0.7,0.9999915453
beta-hys,->,scatter,0.05,0.0018477624
beta-hys,->,scatter,0.8,1.0
beta-hys,->,scatter,0.15,0.0224654152
beta-hys,->,scatter,0.9,0.9999514181999999
beta-hys,->,scatter,1.0,0.9999702101000001
beta-hys,->,scatter,0.1,0.0116309679
beta-hys,->,scatter,0.85,0.9999999982
beta-hys,->,scatter,0.8,0.9986941681999999
beta-hys,->,scatter,0.55,0.9999998385
beta-hys,->,scatter,0.9,0.9999975784999999
beta-hys,->,scatter,0.1,0.0071608766
beta-hys,->,scatter,0.4,0.9984449294
beta-hys,->,scatter,0.2,0.0368895593
beta-hys,->,scatter,0.65,0.9999999909
beta-hys,->,scatter,1.0,0.9999834573999999
beta-hys,->,scatter,0.8,1.0
beta-hys,->,scatter,0.1,0.0071856129
beta-hys,->,scatter,0.9,0.9999791498999999
beta-hys,->,scatter,0.85,0.9996192619
beta-hys,->,scatter,0.5,0.9999880438
beta-hys,->,scatter,0.2,0.0468769449
beta-hys,->,scatter,0.9,0.9999999998000001
beta-hys,->,scatter,0.15,0.0184001526
beta-hys,->,scatter,0.5,1.0
beta-hys,->,scatter,0.9,0.999765511
beta-hys,->,scatter,0.6,0.9999751095999999
beta-hys,->,scatter,0.95,0.9999999071
beta-hys,->,scatter,0.9,0.9995580232
beta-hys,->,scatter,0.25,0.0651661917
beta-hys,->,scatter,0.6,1.0
beta-hys,->,scatter,0.15,0.0264697367
beta-hys,->,scatter,0.25,0.0614063095
beta-hys,->,scatter,0.3,0.1479158167
beta-hys,->,scatter,0.6,0.9990432195000001
beta-hys,->,scatter,0.2,0.0326183513
beta-hys,->,scatter,0.35,0.9996046008
beta-hys,->,scatter,0.4,0.9999999998000001
beta-hys,->,scatter,0.9,1.0
beta-hys,->,scatter,0.3,0.19388729100000002
beta-hys,->,scatter,0.3,0.1558779308
beta-hys,->,scatter,0.5,1.0
beta-hys,->,scatter,0.85,1.0
beta-hys,->,scatter,0.85,0.9999957722
beta-hys,->,scatter,0.55,0.9999515694
beta-hys,->,scatter,0.55,0.9999975154
beta-hys,->,scatter,0.75,0.9999943802
beta-hys,->,scatter,0.55,0.9999814494
beta-hys,->,scatter,0.4,1.0
beta-hys,->,scatter,0.2,0.046230495
beta-hys,->,scatter,0.05,0.0031254648
beta-hys,->,scatter,0.0,6.62e-08
beta-hys,->,scatter,0.9,0.9999983581
beta-hys,->,scatter,0.4,0.9999999398999999
beta-hys,->,scatter,0.05,0.0041738996
beta-hys,->,scatter,0.8,1.0
beta-hys,->,scatter,0.95,0.9999996756
beta-hys,->,scatter,0.75,1.0
beta-hys,->,scatter,0.9,0.9999999212999999
beta-hys,->,scatter,0.05,0.0009370266000000001
beta-hys,->,scatter,1.0,0.9994330392
beta-hys,->,scatter,0.35,0.9999992879
beta-hys,->,scatter,0.4,0.9999989247
beta-hys,->,scatter,0.4,1.0
beta-hys,->,scatter,0.6,0.9997099779999999
beta-hys,->,scatter,0.25,0.09356651449999999
beta-hys,->,scatter,0.5,0.9991201384999999
beta-hys,->,scatter,0.95,0.9962817065
beta-hys,->,scatter,0.75,0.9999999987
beta-hys,->,scatter,0.1,0.0070988
beta-hys,->,scatter,0.25,0.050412362
beta-hys,->,scatter,0.6,0.9999987042
beta-hys,->,scatter,0.95,0.9999999448000001
beta-hys,->,scatter,0.15,0.0185653618
beta-hys,->,scatter,0.6,0.9999915631
beta-hys,->,scatter,0.75,1.0
beta-hys,->,scatter,0.45,0.9999999959
beta-hys,->,scatter,0.95,0.9999986177
beta-hys,->,scatter,0.25,0.074264206
beta-hys,->,scatter,0.85,1.0
beta-hys,->,scatter,0.35,0.9996678045999999
beta-hys,->,scatter,0.75,0.9972139487999999
beta-hys,->,scatter,0.3,0.20332959039999998
beta-hys,->,scatter,0.45,0.9999999912
beta-hys,->,scatter,0.15,0.0172753246
beta-hys,->,scatter,0.85,0.9999999156999999
beta-hys,->,scatter,0.95,1.0
beta-hys,->,scatter,0.25,0.045501130300000005
beta-hys,->,scatter,0.3,0.9999084276000001
beta-hys,->,scatter,0.85,0.9999999486
beta-hys,->,scatter,0.55,1.0
beta-hys,->,scatter,0.6,0.9999999999
beta-hys,->,scatter,0.0,1e-10
beta-hys,->,scatter,1.0,0.9994398654000001
beta-hys,->,scatter,0.95,0.9999999798999999
beta-hys,->,scatter,0.3,0.1265910945
beta-hys,->,scatter,0.3,0.9999999573
beta-hys,->,scatter,0.05,0.0039949734
beta-hys,->,scatter,0.2,0.0339198851
beta-hys,->,scatter,0.85,0.9999352706999999
beta-hys,->,scatter,1.0,0.9998094706
beta-hys,->,scatter,0.05,0.0024573857999999997
beta-hys,->,scatter,0.35,0.9999464495
beta-hys,->,scatter,0.95,1.0
beta-hys,->,scatter,0.85,0.9999974604999999
beta-hys,->,line,0.0,0.0003073861379310345
beta-hys,->,line,0.05,0.0046132101166666654
beta-hys,->,line,0.1,0.008935760483333334
beta-hys,->,line,0.15,0.022986906050000002
beta-hys,->,line,0.2,0.04208288503333334
beta-hys,->,line,0.25,0.06853011632333333
beta-hys,->,line,0.3,0.3959737526166666
beta-hys,->,line,0.35,0.9998236265666667
beta-hys,->,line,0.4,0.9998449101666668
beta-hys,->,line,0.45,0.9998174095379311
beta-hys,->,line,0.5,0.9994303425566666
beta-hys,->,line,0.55,0.9997536755137932
beta-hys,->,line,0.6,0.999743555726667
beta-hys,->,line,0.65,0.9996649876899998
beta-hys,->,line,0.7,0.9994924317206898
beta-hys,->,line,0.75,0.9997805994862069
beta-hys,->,line,0.8,0.9996612930800001
beta-hys,->,line,0.85,0.9998481707133332
beta-hys,->,line,0.9,0.9998751287827585
beta-hys,->,line,0.95,0.9997239107533334
beta-hys,->,line,1.0,0.9994429490233332
hys,direction,style,x,y
beta-hys,<-,scatter,0.45,0.9999860688
beta-hys,<-,scatter,0.25,0.9999999999
beta-hys,<-,scatter,0.4,0.999999999
beta-hys,<-,scatter,0.3,1.0
beta-hys,<-,scatter,0.05,0.9992033939
beta-hys,<-,scatter,0.65,0.9999999598999999
beta-hys,<-,scatter,0.75,1.0
beta-hys,<-,scatter,0.15,0.9999999956
beta-hys,<-,scatter,0.1,0.9970267663
beta-hys,<-,scatter,0.5,0.999551638
beta-hys,<-,scatter,0.35,1.0
beta-hys,<-,scatter,1.0,0.9999994135
beta-hys,<-,scatter,0.45,0.9966334009000001
beta-hys,<-,scatter,0.05,0.9999976136
beta-hys,<-,scatter,0.85,1.0
beta-hys,<-,scatter,0.6,0.9999983542
beta-hys,<-,scatter,0.75,0.9999591623
beta-hys,<-,scatter,0.9,0.9947646814
beta-hys,<-,scatter,1.0,0.9999995902
beta-hys,<-,scatter,0.5,0.9999999994
beta-hys,<-,scatter,0.75,0.9999986056
beta-hys,<-,scatter,0.85,0.9954138125
beta-hys,<-,scatter,0.75,1.0
beta-hys,<-,scatter,0.8,1.0
beta-hys,<-,scatter,0.75,0.9999999553
beta-hys,<-,scatter,0.6,0.9948585396999999
beta-hys,<-,scatter,0.0,0.9999999939
beta-hys,<-,scatter,0.25,0.9999999717
beta-hys,<-,scatter,0.35,1.0
beta-hys,<-,scatter,0.75,1.0
beta-hys,<-,scatter,0.05,0.9998005984
beta-hys,<-,scatter,0.9,1.0
beta-hys,<-,scatter,0.95,0.9985254367
beta-hys,<-,scatter,0.2,0.9999926407999999
beta-hys,<-,scatter,0.05,0.9999999642
beta-hys,<-,scatter,0.95,0.999386522
beta-hys,<-,scatter,0.25,0.9999999990999999
beta-hys,<-,scatter,0.6,0.9999998861
beta-hys,<-,scatter,0.45,1.0
beta-hys,<-,scatter,0.75,0.9996755476000001
beta-hys,<-,scatter,0.7,0.9999999891
beta-hys,<-,scatter,0.65,0.9999515118000001
beta-hys,<-,scatter,0.2,0.9999979661
beta-hys,<-,scatter,0.4,0.9999789842
beta-hys,<-,scatter,0.7,0.9999999926
beta-hys,<-,scatter,0.2,0.9999999995000001
beta-hys,<-,scatter,0.95,0.9999577306
beta-hys,<-,scatter,0.6,1.0
beta-hys,<-,scatter,0.0,0.9999999998000001
beta-hys,<-,scatter,0.2,0.9999999987999999
beta-hys,<-,scatter,0.8,0.9993529988
beta-hys,<-,scatter,0.45,1.0
beta-hys,<-,scatter,0.95,0.9999999999
beta-hys,<-,scatter,0.3,0.9920858728
beta-hys,<-,scatter,0.85,0.9999847511
beta-hys,<-,scatter,0.35,1.0
beta-hys,<-,scatter,0.7,0.9999999999
beta-hys,<-,scatter,0.7,0.9999999262999999
beta-hys,<-,scatter,0.7,0.9999997743000001
beta-hys,<-,scatter,1.0,0.9997256801000001
beta-hys,<-,scatter,0.0,0.9999859676999999
beta-hys,<-,scatter,0.25,0.9997359593
beta-hys,<-,scatter,1.0,0.9999561251000001
beta-hys,<-,scatter,0.8,0.9977118947
beta-hys,<-,scatter,0.6,0.9999989104000001
beta-hys,<-,scatter,0.35,0.9977855393
beta-hys,<-,scatter,0.55,0.9999976037
beta-hys,<-,scatter,0.5,0.9999997654999999
beta-hys,<-,scatter,0.5,0.9976766665000001
beta-hys,<-,scatter,0.95,1.0
beta-hys,<-,scatter,0.9,1.0
beta-hys,<-,scatter,0.2,0.9999999999
beta-hys,<-,scatter,0.4,0.9999999913
beta-hys,<-,scatter,0.35,0.9997952045999999
beta-hys,<-,scatter,0.25,0.9999925492
beta-hys,<-,scatter,0.2,0.9999999999
beta-hys,<-,scatter,0.9,0.9999999993
beta-hys,<-,scatter,1.0,0.9999996298
beta-hys,<-,scatter,0.75,0.9987914008
beta-hys,<-,scatter,0.6,0.9999983640000001
beta-hys,<-,scatter,0.3,0.9999979405
beta-hys,<-,scatter,1.0,1.0
beta-hys,<-,scatter,0.8,0.9999999984000001
beta-hys,<-,scatter,0.85,1.0
beta-hys,<-,scatter,0.6,0.9999999929000001
beta-hys,<-,scatter,0.25,0.9999999994
beta-hys,<-,scatter,0.85,0.9996553734
beta-hys,<-,scatter,0.5,0.9999999998000001
beta-hys,<-,scatter,1.0,0.9957556967
beta-hys,<-,scatter,0.15,0.9983278994
beta-hys,<-,scatter,0.05,0.9999970004000001
beta-hys,<-,scatter,0.85,0.9999999892
beta-hys,<-,scatter,0.65,0.9999976312000001
beta-hys,<-,scatter,0.95,1.0
beta-hys,<-,scatter,1.0,0.9987753673
beta-hys,<-,scatter,0.75,0.9999998331000001
beta-hys,<-,scatter,0.4,0.9999985735
beta-hys,<-,scatter,0.4,1.0
beta-hys,<-,scatter,0.7,0.9999999937999999
beta-hys,<-,scatter,0.65,0.9999999474
beta-hys,<-,scatter,0.8,0.9999885595
beta-hys,<-,scatter,0.45,0.998022008
beta-hys,<-,scatter,0.8,0.9990103026999999
beta-hys,<-,scatter,0.6,0.9999982665
beta-hys,<-,scatter,0.9,0.9999999379000001
beta-hys,<-,scatter,1.0,0.9999953362999999
beta-hys,<-,scatter,0.6,1.0
beta-hys,<-,scatter,0.65,0.9999999987
beta-hys,<-,scatter,0.8,0.9999977941
beta-hys,<-,scatter,0.65,0.9981021137
beta-hys,<-,scatter,0.7,0.9999999996
beta-hys,<-,scatter,0.05,0.9998977507
beta-hys,<-,scatter,0.45,0.9993514795999999
beta-hys,<-,scatter,0.95,0.9999999576999999
beta-hys,<-,scatter,0.95,0.999896896
beta-hys,<-,scatter,0.5,1.0
beta-hys,<-,scatter,0.05,1.0
beta-hys,<-,scatter,0.55,0.99991291
beta-hys,<-,scatter,0.05,0.9999795644
beta-hys,<-,scatter,1.0,0.9988532434
beta-hys,<-,scatter,0.3,0.9999999983
beta-hys,<-,scatter,0.6,0.9999999996
beta-hys,<-,scatter,0.25,1.0
beta-hys,<-,scatter,0.45,1.0
beta-hys,<-,scatter,0.7,0.9999838917
beta-hys,<-,scatter,0.8,0.9999999999
beta-hys,<-,scatter,0.3,0.9999913748999999
beta-hys,<-,scatter,0.2,0.992266511
beta-hys,<-,scatter,0.9,0.9965518487
beta-hys,<-,scatter,0.95,0.9999980887000001
beta-hys,<-,scatter,0.0,0.9999999995000001
beta-hys,<-,scatter,0.15,0.9999999997
beta-hys,<-,scatter,0.55,0.9999999509
beta-hys,<-,scatter,1.0,0.9999956213
beta-hys,<-,scatter,0.8,0.9999996882
beta-hys,<-,scatter,0.05,0.9999999905
beta-hys,<-,scatter,0.7,0.9999999787999999
beta-hys,<-,scatter,0.5,0.9999999983
beta-hys,<-,scatter,0.1,1.0
beta-hys,<-,scatter,0.15,0.9999998153
beta-hys,<-,scatter,0.3,0.9999999923
beta-hys,<-,scatter,0.4,1.0
beta-hys,<-,scatter,0.85,0.9999999942
beta-hys,<-,scatter,0.8,0.9995029394
beta-hys,<-,scatter,0.85,0.9999999987
beta-hys,<-,scatter,0.75,0.9966215134
beta-hys,<-,scatter,0.4,0.9999657995
beta-hys,<-,scatter,0.8,0.9998948064000001
beta-hys,<-,scatter,0.55,1.0
beta-hys,<-,scatter,0.85,0.9992995203
beta-hys,<-,scatter,0.15,0.9999881548999999
beta-hys,<-,scatter,0.85,0.9999999998000001
beta-hys,<-,scatter,0.95,0.999999848
beta-hys,<-,scatter,0.3,0.9999998687999999
beta-hys,<-,scatter,0.85,0.9996052442
beta-hys,<-,scatter,0.3,0.9999943990000001
beta-hys,<-,scatter,0.2,0.9962999715
beta-hys,<-,scatter,0.9,0.9996395389
beta-hys,<-,scatter,0.5,0.9997109054000001
beta-hys,<-,scatter,0.75,1.0
beta-hys,<-,scatter,0.35,0.9999926806999999
beta-hys,<-,scatter,0.5,0.9999895362000001
beta-hys,<-,scatter,0.55,0.9999999999
beta-hys,<-,scatter,0.6,0.9998561071
beta-hys,<-,scatter,0.35,0.999999993
beta-hys,<-,scatter,0.7,0.9990949763
beta-hys,<-,scatter,0.95,0.9999959548
beta-hys,<-,scatter,0.45,0.9999995351000001
beta-hys,<-,scatter,0.55,0.9999998617
beta-hys,<-,scatter,0.7,0.9992703208
beta-hys,<-,scatter,0.7,1.0
beta-hys,<-,scatter,0.95,0.9975638148
beta-hys,<-,scatter,0.85,0.9999996549
beta-hys,<-,scatter,0.55,0.9995263506000001
beta-hys,<-,scatter,0.3,0.9999999892
beta-hys,<-,scatter,0.7,0.9995802409000001
beta-hys,<-,scatter,0.2,0.9999999992
beta-hys,<-,scatter,0.6,0.9999999957
beta-hys,<-,scatter,0.45,0.9999960505
beta-hys,<-,scatter,0.25,0.9999997065
beta-hys,<-,scatter,0.25,0.9999999995000001
beta-hys,<-,scatter,0.65,1.0
beta-hys,<-,scatter,1.0,0.9995954214
beta-hys,<-,scatter,0.35,0.9996980393000001
beta-hys,<-,scatter,0.2,1.0
beta-hys,<-,scatter,0.85,0.9999999996
beta-hys,<-,scatter,0.75,0.9999999998000001
beta-hys,<-,scatter,0.15,1.0
beta-hys,<-,scatter,0.25,0.9999672887000001
beta-hys,<-,scatter,0.35,0.9999994794
beta-hys,<-,scatter,0.3,0.9999999861
beta-hys,<-,scatter,0.3,1.0
beta-hys,<-,scatter,0.5,0.999682478
beta-hys,<-,scatter,0.5,0.9999999831999999
beta-hys,<-,scatter,0.05,1.0
beta-hys,<-,scatter,0.65,1.0
beta-hys,<-,scatter,0.15,0.9987895231999999
beta-hys,<-,scatter,0.8,1.0
beta-hys,<-,scatter,0.1,0.9999999982
beta-hys,<-,scatter,0.7,0.9999999996
beta-hys,<-,scatter,0.2,1.0
beta-hys,<-,scatter,0.2,1.0
beta-hys,<-,scatter,0.35,1.0
beta-hys,<-,scatter,0.9,0.9967786437999999
beta-hys,<-,scatter,0.95,0.9999998595999999
beta-hys,<-,scatter,0.35,1.0
beta-hys,<-,scatter,0.1,1.0
beta-hys,<-,scatter,0.6,0.9999999958
beta-hys,<-,scatter,0.65,0.9998871464
beta-hys,<-,scatter,0.55,1.0
beta-hys,<-,scatter,0.25,0.9999161118000001
beta-hys,<-,scatter,0.0,1.0
beta-hys,<-,scatter,0.95,0.9999734243999999
beta-hys,<-,scatter,0.2,0.9916455353
beta-hys,<-,scatter,0.85,0.9999996091
beta-hys,<-,scatter,0.45,1.0
beta-hys,<-,scatter,0.5,0.9999999989
beta-hys,<-,scatter,0.6,1.0
beta-hys,<-,scatter,0.65,0.9999997582
beta-hys,<-,scatter,0.7,0.9999686293000001
beta-hys,<-,scatter,0.85,1.0
beta-hys,<-,scatter,0.55,0.9999711070999999
beta-hys,<-,scatter,0.2,0.9998468387999999
beta-hys,<-,scatter,0.7,0.9999999629999999
beta-hys,<-,scatter,0.0,0.9999999148000001
beta-hys,<-,scatter,0.2,0.9999152431
beta-hys,<-,scatter,0.7,0.9971690566
beta-hys,<-,scatter,0.6,0.9993643391
beta-hys,<-,scatter,0.55,0.9999999997
beta-hys,<-,scatter,0.6,0.9999991493000001
beta-hys,<-,scatter,0.0,1.0
beta-hys,<-,scatter,0.4,0.9999788411
beta-hys,<-,scatter,0.65,0.9999758420999999
beta-hys,<-,scatter,0.25,0.9999999720999999
beta-hys,<-,scatter,0.9,1.0
beta-hys,<-,scatter,0.6,0.9999998709000001
beta-hys,<-,scatter,0.95,0.9977164065
beta-hys,<-,scatter,0.75,0.9999300595
beta-hys,<-,scatter,0.7,0.999841337
beta-hys,<-,scatter,0.2,0.9999999787999999
beta-hys,<-,scatter,0.9,0.9999998804000001
beta-hys,<-,scatter,0.7,0.9999999987999999
beta-hys,<-,scatter,0.35,0.9984418674
beta-hys,<-,scatter,0.75,0.9999999861
beta-hys,<-,scatter,0.35,0.9999996781999999
beta-hys,<-,scatter,0.9,0.9999990442
beta-hys,<-,scatter,0.7,0.9990593857
beta-hys,<-,scatter,0.45,0.9999941061
beta-hys,<-,scatter,0.1,1.0
beta-hys,<-,scatter,0.75,0.9997686921
beta-hys,<-,scatter,0.15,0.9999251397
beta-hys,<-,scatter,0.1,0.9999536529
beta-hys,<-,scatter,0.6,0.9999999845
beta-hys,<-,scatter,0.1,0.9999999959999999
beta-hys,<-,scatter,0.55,0.9963396967
beta-hys,<-,scatter,0.8,0.9999999989
beta-hys,<-,scatter,1.0,0.9989328815999999
beta-hys,<-,scatter,0.45,0.9999679186
beta-hys,<-,scatter,0.55,0.9999999993
beta-hys,<-,scatter,0.55,0.9999999778
beta-hys,<-,scatter,0.55,0.9997783720000001
beta-hys,<-,scatter,0.85,0.9999996154999999
beta-hys,<-,scatter,1.0,0.9999999997
beta-hys,<-,scatter,0.25,1.0
beta-hys,<-,scatter,0.45,1.0
beta-hys,<-,scatter,1.0,0.9997724603
beta-hys,<-,scatter,0.0,1.0
beta-hys,<-,scatter,0.3,0.9999999999
beta-hys,<-,scatter,0.25,0.9997361568
beta-hys,<-,scatter,0.3,0.9999999993
beta-hys,<-,scatter,0.1,0.9999999996
beta-hys,<-,scatter,0.35,0.9998932728000001
beta-hys,<-,scatter,0.9,1.0
beta-hys,<-,scatter,0.15,0.9999999348999999
beta-hys,<-,scatter,0.5,1.0
beta-hys,<-,scatter,0.05,0.9999999894
beta-hys,<-,scatter,0.05,0.9997986318000001
beta-hys,<-,scatter,0.65,0.9991800512000001
beta-hys,<-,scatter,0.05,0.9999999998000001
beta-hys,<-,scatter,0.15,0.9999999886
beta-hys,<-,scatter,0.3,0.9999999682999999
beta-hys,<-,scatter,1.0,0.9999989663
beta-hys,<-,scatter,0.95,0.9999999996
beta-hys,<-,scatter,0.15,0.9999880468000001
beta-hys,<-,scatter,0.6,0.9999999433
beta-hys,<-,scatter,0.85,0.9999991197
beta-hys,<-,scatter,0.9,0.9999401275
beta-hys,<-,scatter,0.3,0.999649613
beta-hys,<-,scatter,0.35,0.9999999262999999
beta-hys,<-,scatter,0.0,0.99979998
beta-hys,<-,scatter,0.6,0.999719817
beta-hys,<-,scatter,0.0,0.9999996455
beta-hys,<-,scatter,0.0,0.9999283686
beta-hys,<-,scatter,0.8,0.9999999987999999
beta-hys,<-,scatter,0.25,0.9999999961
beta-hys,<-,scatter,0.65,0.9954876542000001
beta-hys,<-,scatter,0.65,0.9972885557
beta-hys,<-,scatter,0.95,0.999987167
beta-hys,<-,scatter,1.0,0.9986052383
beta-hys,<-,scatter,0.5,0.9987988456
beta-hys,<-,scatter,0.0,1.0
beta-hys,<-,scatter,0.9,0.9999999923999999
beta-hys,<-,scatter,0.1,0.9999917897
beta-hys,<-,scatter,0.1,1.0
beta-hys,<-,scatter,0.05,0.9999558822
beta-hys,<-,scatter,0.9,0.9999973137999999
beta-hys,<-,scatter,0.75,0.9994551223
beta-hys,<-,scatter,0.45,0.999995319
beta-hys,<-,scatter,0.2,0.9999999999
beta-hys,<-,scatter,0.25,0.9999974254999999
beta-hys,<-,scatter,0.4,0.9999678629000001
beta-hys,<-,scatter,0.75,1.0
beta-hys,<-,scatter,0.1,0.9999590865000001
beta-hys,<-,scatter,0.9,1.0
beta-hys,<-,scatter,0.5,1.0
beta-hys,<-,scatter,0.7,0.9999999975
beta-hys,<-,scatter,0.5,1.0
beta-hys,<-,scatter,0.4,0.9999687398
beta-hys,<-,scatter,0.0,0.9999825890999999
beta-hys,<-,scatter,0.85,0.9999999361
beta-hys,<-,scatter,0.85,0.9993596687999999
beta-hys,<-,scatter,0.4,1.0
beta-hys,<-,scatter,0.95,0.9999999986
beta-hys,<-,scatter,0.65,0.9999995433
beta-hys,<-,scatter,0.85,0.9999882672
beta-hys,<-,scatter,0.5,0.9999999964
beta-hys,<-,scatter,0.3,0.9999957006
beta-hys,<-,scatter,0.3,0.9999999695
beta-hys,<-,scatter,0.8,0.9999999212
beta-hys,<-,scatter,0.15,1.0
beta-hys,<-,scatter,0.85,0.9991827509000001
beta-hys,<-,scatter,0.35,0.9999798304
beta-hys,<-,scatter,0.05,1.0
beta-hys,<-,scatter,0.95,0.9998686346
beta-hys,<-,scatter,0.65,0.9999932303
beta-hys,<-,scatter,0.65,1.0
beta-hys,<-,scatter,1.0,0.9999937340999999
beta-hys,<-,scatter,0.0,0.9985540215
beta-hys,<-,scatter,0.95,0.998304348
beta-hys,<-,scatter,0.3,1.0
beta-hys,<-,scatter,0.4,1.0
beta-hys,<-,scatter,0.7,1.0
beta-hys,<-,scatter,0.35,0.9971098293
beta-hys,<-,scatter,0.4,0.9999999986
beta-hys,<-,scatter,1.0,0.9996569476
beta-hys,<-,scatter,0.0,0.9999999998000001
beta-hys,<-,scatter,0.0,0.9998743823999999
beta-hys,<-,scatter,0.7,0.9999968484
beta-hys,<-,scatter,0.15,0.9995477717
beta-hys,<-,scatter,0.55,0.9999454084
beta-hys,<-,scatter,0.65,0.9999999356
beta-hys,<-,scatter,0.35,0.9999999999
beta-hys,<-,scatter,0.15,1.0
beta-hys,<-,scatter,1.0,0.9995708525
beta-hys,<-,scatter,0.4,1.0
beta-hys,<-,scatter,0.4,0.9999993313
beta-hys,<-,scatter,0.2,0.9999606351000001
beta-hys,<-,scatter,0.05,1.0
beta-hys,<-,scatter,0.6,1.0
beta-hys,<-,scatter,0.2,0.9988547031999999
beta-hys,<-,scatter,0.05,0.999900606
beta-hys,<-,scatter,0.7,0.9994172896
beta-hys,<-,scatter,1.0,0.9999999677
beta-hys,<-,scatter,0.8,0.9999987593
beta-hys,<-,scatter,0.4,0.9999999999
beta-hys,<-,scatter,0.2,0.9977013033
beta-hys,<-,scatter,0.05,0.9999999668
beta-hys,<-,scatter,0.1,0.999999467
beta-hys,<-,scatter,0.15,1.0
beta-hys,<-,scatter,0.05,0.9999999983
beta-hys,<-,scatter,0.45,0.9999999806000001
beta-hys,<-,scatter,1.0,0.9999999722
beta-hys,<-,scatter,0.8,0.9995101499
beta-hys,<-,scatter,0.2,0.9999998223000001
beta-hys,<-,scatter,0.25,0.9999752695
beta-hys,<-,scatter,0.45,1.0
beta-hys,<-,scatter,0.15,0.9993771194
beta-hys,<-,scatter,0.4,1.0
beta-hys,<-,scatter,0.65,1.0
beta-hys,<-,scatter,0.25,0.9999999975
beta-hys,<-,scatter,0.95,1.0
beta-hys,<-,scatter,0.55,0.9999998009000001
beta-hys,<-,scatter,0.6,1.0
beta-hys,<-,scatter,0.85,1.0
beta-hys,<-,scatter,0.3,0.9999999986
beta-hys,<-,scatter,0.95,0.9999999912
beta-hys,<-,scatter,0.75,0.9999965336
beta-hys,<-,scatter,0.65,0.9999999163
beta-hys,<-,scatter,0.55,0.9998819997
beta-hys,<-,scatter,0.2,0.9999999754000001
beta-hys,<-,scatter,0.55,0.9999442742
beta-hys,<-,scatter,0.9,0.9999999992
beta-hys,<-,scatter,0.35,0.9999847654999999
beta-hys,<-,scatter,0.1,0.9999934601999999
beta-hys,<-,scatter,0.35,0.9999999999
beta-hys,<-,scatter,0.1,0.9999999911
beta-hys,<-,scatter,0.05,0.9992737635
beta-hys,<-,scatter,0.1,1.0
beta-hys,<-,scatter,0.4,0.9999999987999999
beta-hys,<-,scatter,0.15,0.9991266778
beta-hys,<-,scatter,0.6,0.9999259695999999
beta-hys,<-,scatter,0.35,0.9995169556
beta-hys,<-,scatter,0.75,0.9999977298999999
beta-hys,<-,scatter,0.7,0.9999999520999999
beta-hys,<-,scatter,0.5,0.9999997773999999
beta-hys,<-,scatter,0.05,0.9999999909
beta-hys,<-,scatter,0.0,0.9999999929000001
beta-hys,<-,scatter,0.4,0.9999999562999999
beta-hys,<-,scatter,0.0,0.9999999718000001
beta-hys,<-,scatter,0.8,0.997772937
beta-hys,<-,scatter,0.3,0.9981798245
beta-hys,<-,scatter,0.8,0.9999996321
beta-hys,<-,scatter,0.0,0.9999999378
beta-hys,<-,scatter,0.15,0.9978287214
beta-hys,<-,scatter,0.65,1.0
beta-hys,<-,scatter,0.7,1.0
beta-hys,<-,scatter,0.35,0.9999999996
beta-hys,<-,scatter,0.55,0.9994268451999999
beta-hys,<-,scatter,0.3,1.0
beta-hys,<-,scatter,0.7,0.9999517823
beta-hys,<-,scatter,0.05,0.9999999934
beta-hys,<-,scatter,0.35,1.0
beta-hys,<-,scatter,0.1,0.9999999968000001
beta-hys,<-,scatter,0.6,0.9999943762000001
beta-hys,<-,scatter,0.95,0.9999999997
beta-hys,<-,scatter,0.8,0.9998335276000001
beta-hys,<-,scatter,1.0,0.9999999208
beta-hys,<-,scatter,0.7,0.9999890434
beta-hys,<-,scatter,0.2,1.0
beta-hys,<-,scatter,0.45,0.9999037854
beta-hys,<-,scatter,0.9,1.0
beta-hys,<-,scatter,0.3,0.9999999665000001
beta-hys,<-,scatter,0.75,0.9999999948
beta-hys,<-,scatter,0.25,1.0
beta-hys,<-,scatter,0.4,0.9999999999
beta-hys,<-,scatter,0.75,1.0
beta-hys,<-,scatter,0.6,0.9981871224
beta-hys,<-,scatter,0.1,0.9993852606
beta-hys,<-,scatter,0.75,0.9999569162999999
beta-hys,<-,scatter,0.5,1.0
beta-hys,<-,scatter,0.35,0.9999955478
beta-hys,<-,scatter,0.75,1.0
beta-hys,<-,scatter,0.6,1.0
beta-hys,<-,scatter,0.55,0.9999999484000001
beta-hys,<-,scatter,0.0,0.9999996434
beta-hys,<-,scatter,0.1,0.9999999999
beta-hys,<-,scatter,0.15,0.9988513775
beta-hys,<-,scatter,0.25,0.9969165686
beta-hys,<-,scatter,0.3,0.9999828987999999
beta-hys,<-,scatter,0.55,0.9999999933
beta-hys,<-,scatter,0.1,0.9999999947
beta-hys,<-,scatter,0.25,0.9999999934999999
beta-hys,<-,scatter,0.1,1.0
beta-hys,<-,scatter,0.45,0.9999999928
beta-hys,<-,scatter,0.45,0.9999999820000001
beta-hys,<-,scatter,0.2,0.9999999999
beta-hys,<-,scatter,0.85,1.0
beta-hys,<-,scatter,0.1,0.9999999999
beta-hys,<-,scatter,0.15,1.0
beta-hys,<-,scatter,0.85,0.9999826957
beta-hys,<-,scatter,0.9,1.0
beta-hys,<-,scatter,0.4,0.9999823651
beta-hys,<-,scatter,0.95,0.9999887005
beta-hys,<-,scatter,0.5,0.9999999012999999
beta-hys,<-,scatter,0.5,0.9996310990999999
beta-hys,<-,scatter,0.25,0.9999999509999999
beta-hys,<-,scatter,0.45,1.0
beta-hys,<-,scatter,0.15,0.999998438
beta-hys,<-,scatter,0.1,1.0
beta-hys,<-,scatter,0.15,0.9999999851000001
beta-hys,<-,scatter,0.05,0.9999999995000001
beta-hys,<-,scatter,0.5,1.0
beta-hys,<-,scatter,0.25,0.9999999919
beta-hys,<-,scatter,0.7,0.9999999998000001
beta-hys,<-,scatter,0.4,0.9992607066
beta-hys,<-,scatter,0.7,0.9999998966
beta-hys,<-,scatter,0.4,0.9999970987000001
beta-hys,<-,scatter,0.55,1.0
beta-hys,<-,scatter,0.9,0.9999964915999999
beta-hys,<-,scatter,0.3,0.9999999953
beta-hys,<-,scatter,0.1,0.9999999877
beta-hys,<-,scatter,0.9,0.9999999962999999
beta-hys,<-,scatter,0.25,0.9973627381
beta-hys,<-,scatter,0.45,0.9999967595
beta-hys,<-,scatter,0.55,1.0
beta-hys,<-,scatter,0.35,1.0
beta-hys,<-,scatter,0.5,1.0
beta-hys,<-,scatter,0.0,1.0
beta-hys,<-,scatter,0.45,0.9999968823000001
beta-hys,<-,scatter,0.5,0.9986979737
beta-hys,<-,scatter,0.1,1.0
beta-hys,<-,scatter,0.25,0.9999987511
beta-hys,<-,scatter,0.55,0.9998180918
beta-hys,<-,scatter,0.95,1.0
beta-hys,<-,scatter,0.1,0.9999999995000001
beta-hys,<-,scatter,1.0,0.9991158056
beta-hys,<-,scatter,0.4,0.9999999775
beta-hys,<-,scatter,0.9,1.0
beta-hys,<-,scatter,0.25,0.999175745
beta-hys,<-,scatter,0.65,0.9998391443000001
beta-hys,<-,scatter,0.85,0.9999989765
beta-hys,<-,scatter,1.0,0.9997810031000001
beta-hys,<-,scatter,0.75,0.9998070593
beta-hys,<-,scatter,0.95,0.9999826864
beta-hys,<-,scatter,0.65,0.9999999826
beta-hys,<-,scatter,0.85,0.9999974544
beta-hys,<-,scatter,0.85,0.9999999432
beta-hys,<-,scatter,0.9,0.9999665507
beta-hys,<-,scatter,0.5,0.9999999943000001
beta-hys,<-,scatter,0.25,0.9999999695999999
beta-hys,<-,scatter,0.15,0.9999999734999999
beta-hys,<-,scatter,1.0,0.999999929
beta-hys,<-,scatter,0.0,0.9996991990999999
beta-hys,<-,scatter,0.75,0.9985629382
beta-hys,<-,scatter,0.05,0.9999999996
beta-hys,<-,scatter,0.8,0.9981276711
beta-hys,<-,scatter,0.15,0.9999999998000001
beta-hys,<-,scatter,0.5,1.0
beta-hys,<-,scatter,0.3,0.9999999656999999
beta-hys,<-,scatter,0.85,1.0
beta-hys,<-,scatter,0.3,0.9999999976999999
beta-hys,<-,scatter,0.05,0.9999996287
beta-hys,<-,scatter,0.25,0.9999997640999999
beta-hys,<-,scatter,1.0,0.9999999603
beta-hys,<-,scatter,0.4,1.0
beta-hys,<-,scatter,0.05,0.9999999999
beta-hys,<-,scatter,0.45,0.9997495769
beta-hys,<-,scatter,0.6,0.9999999999
beta-hys,<-,scatter,0.45,0.9999999999
beta-hys,<-,scatter,1.0,0.9997224345
beta-hys,<-,scatter,0.05,1.0
beta-hys,<-,scatter,0.0,0.9999999995000001
beta-hys,<-,scatter,0.15,0.9999999997
beta-hys,<-,scatter,0.3,1.0
beta-hys,<-,scatter,0.3,0.9999972214
beta-hys,<-,scatter,0.0,1.0
beta-hys,<-,scatter,0.8,0.9999966795
beta-hys,<-,scatter,0.8,0.9999992855
beta-hys,<-,scatter,0.1,0.9999999968000001
beta-hys,<-,scatter,0.15,0.9999762525
beta-hys,<-,scatter,0.65,0.9992987864
beta-hys,<-,scatter,0.5,0.9999964559000001
beta-hys,<-,scatter,0.2,1.0
beta-hys,<-,scatter,1.0,0.9984509376
beta-hys,<-,scatter,0.65,0.9999996445
beta-hys,<-,scatter,1.0,0.9999989884999999
beta-hys,<-,scatter,0.15,1.0
beta-hys,<-,scatter,0.65,1.0
beta-hys,<-,scatter,0.1,0.9996961363
beta-hys,<-,scatter,0.25,0.9999974804999999
beta-hys,<-,scatter,0.2,1.0
beta-hys,<-,scatter,0.5,0.9999999728
beta-hys,<-,scatter,0.45,1.0
beta-hys,<-,scatter,0.35,0.9999999841
beta-hys,<-,scatter,0.9,0.9999999998000001
beta-hys,<-,scatter,0.75,0.9999860526000001
beta-hys,<-,scatter,0.65,0.9999999997
beta-hys,<-,scatter,0.35,0.9999999998000001
beta-hys,<-,scatter,0.6,1.0
beta-hys,<-,scatter,0.0,0.9968157101
beta-hys,<-,scatter,0.15,1.0
beta-hys,<-,scatter,0.55,0.9999999722
beta-hys,<-,scatter,0.8,0.9999999955
beta-hys,<-,scatter,0.55,0.9999989598000001
beta-hys,<-,scatter,0.4,0.9998789348999999
beta-hys,<-,scatter,0.8,0.9999980662000001
beta-hys,<-,scatter,0.9,0.9999999762999999
beta-hys,<-,scatter,0.4,0.9999999995000001
beta-hys,<-,scatter,0.2,1.0
beta-hys,<-,scatter,0.6,0.9999983492
beta-hys,<-,scatter,0.9,0.9999999773
beta-hys,<-,scatter,0.1,1.0
beta-hys,<-,scatter,0.0,0.9999999999
beta-hys,<-,scatter,0.15,0.9999999956
beta-hys,<-,scatter,0.25,0.9999565453
beta-hys,<-,scatter,0.45,0.9999999996
beta-hys,<-,scatter,0.8,0.9998170209999999
beta-hys,<-,scatter,0.05,0.9997251484
beta-hys,<-,scatter,0.0,0.9999493340000001
beta-hys,<-,scatter,0.2,0.9999548474
beta-hys,<-,scatter,0.5,0.9999998371
beta-hys,<-,scatter,0.55,1.0
beta-hys,<-,scatter,0.8,0.9999999953
beta-hys,<-,scatter,0.0,0.9999945601000001
beta-hys,<-,scatter,0.35,0.9999988823999999
beta-hys,<-,scatter,0.85,1.0
beta-hys,<-,scatter,0.55,0.9999997636
beta-hys,<-,scatter,0.05,0.9999018359999999
beta-hys,<-,scatter,0.95,0.9999999823000001
beta-hys,<-,scatter,0.95,0.9964314082
beta-hys,<-,scatter,0.95,0.9999386123
beta-hys,<-,scatter,0.95,1.0
beta-hys,<-,scatter,0.9,0.999999922
beta-hys,<-,scatter,0.35,0.9999886793
beta-hys,<-,scatter,0.8,0.9999995412999999
beta-hys,<-,scatter,0.0,0.9980969318999999
beta-hys,<-,scatter,0.6,0.9999974012999999
beta-hys,<-,scatter,0.1,0.9999777118000001
beta-hys,<-,scatter,0.75,0.9999983565
beta-hys,<-,scatter,0.8,0.9995542040000001
beta-hys,<-,scatter,0.2,1.0
beta-hys,<-,scatter,0.55,0.9944887297
beta-hys,<-,scatter,0.4,0.9999290054000001
beta-hys,<-,scatter,0.65,1.0
beta-hys,<-,scatter,0.45,0.9999999962
beta-hys,<-,scatter,0.9,0.9999999891
beta-hys,<-,scatter,0.45,0.9999526190000001
beta-hys,<-,scatter,0.9,1.0
beta-hys,<-,scatter,0.8,0.9998206942
beta-hys,<-,scatter,0.9,0.9996262076000001
beta-hys,<-,scatter,0.3,0.9999960211
beta-hys,<-,scatter,0.1,0.9964411717
beta-hys,<-,scatter,0.65,1.0
beta-hys,<-,scatter,0.0,0.99979998
beta-hys,<-,scatter,0.2,1.0
beta-hys,<-,scatter,0.15,1.0
beta-hys,<-,scatter,0.3,0.9999999993
beta-hys,<-,scatter,0.45,0.9999861553
beta-hys,<-,scatter,0.75,0.9989582275
beta-hys,<-,scatter,0.75,0.9999979078
beta-hys,<-,line,0.0,0.9997493374366667
beta-hys,<-,line,0.05,0.9999114244931037
beta-hys,<-,line,0.1,0.9997474821066668
beta-hys,<-,line,0.15,0.9997241603366667
beta-hys,<-,line,0.2,0.9992145323066667
beta-hys,<-,line,0.25,0.9997575967100001
beta-hys,<-,line,0.3,0.9996623520466668
beta-hys,<-,line,0.35,0.9997303501586208
beta-hys,<-,line,0.4,0.9999609344214285
beta-hys,<-,line,0.45,0.9997769522793104
beta-hys,<-,line,0.5,0.9997839594068967
beta-hys,<-,line,0.55,0.9996217109172415
beta-hys,<-,line,0.6,0.9997298244899999
beta-hys,<-,line,0.65,0.9996207018448274
beta-hys,<-,line,0.7,0.9997774087933332
beta-hys,<-,line,0.75,0.9997055722206898
beta-hys,<-,line,0.8,0.9996629020166667
beta-hys,<-,line,0.85,0.9997402198275861
beta-hys,<-,line,0.9,0.9995753372733335
beta-hys,<-,line,0.95,0.9995838489366666
beta-hys,<-,line,1.0,0.99954170416
